avg,fft1,fft2,max,min,normalized_fft1
-0.7351498815140535,-118.37523159838413,-95.16853269909764,-7.468751159831667,-11.867099382800404,-0.29560474189665686
-0.3154642392231789,-38.39655213405239,-31.274455028881764,-2.3837771583241025,-5.960742667649747,-0.10040210936213685
-0.29068396806608765,-33.6742238859523,-27.50183950322877,-2.0835356873595456,-5.612002786644952,-0.08887640136226461
-0.27535135978268405,-30.752318441303842,-25.167561734756053,-1.8977635125698007,-5.396222581725075,-0.08174495534899688
-0.2640418632874857,-28.597089612995354,-23.445773389720376,-1.7607359618194063,-5.2370607857561495,-0.07648472419967253
-0.2549972868031181,-26.873482201540213,-22.06880259502766,-1.651150520614868,-5.109773860326584,-0.07227794426250063
-0.24741596901406968,-25.428725163730235,-20.91460226305556,-1.5592941405775456,-5.003079795243454,-0.06875174979364776
-0.24086232264292187,-24.179809476313565,-19.916857408179087,-1.479889181116807,-4.910848445508302,-0.06570354205090656
-0.23507230231919105,-23.076416524779894,-19.035369048803236,-1.4097364290387024,-4.829363824701987,-0.06301050922888475
-0.2298733073847048,-22.085654136216284,-18.243859993745087,-1.3467446289582288,-4.756196874134604,-0.06059237194831041
-0.2251460886839753,-21.184797230176585,-17.524175428936527,-1.289468940275055,-4.689669366153551,-0.058393665483367135
-0.2208046832479527,-20.35746401025264,-16.863228119390794,-1.2368678228013286,-4.628571519178667,-0.056374407056070414
-0.21678500285466487,-19.591441308191726,-16.25126110079984,-1.1881647740559256,-4.572001401235009,-0.054504788189830164
-0.213037943787851,-18.877371523953265,-15.680798690546691,-1.1427648460696922,-4.519267961604964,-0.05276196994588969
-0.20952502130120815,-18.207920694021077,-15.145981866731116,-1.1002017519014395,-4.469829593388387,-0.051128052441494515
-0.20621549192502983,-17.577230094956683,-14.642130160346458,-1.0601029990748452,-4.423253634896504,-0.04958873638780738
-0.20308439250895977,-16.980542547577443,-14.165443113842993,-1.02216613032722,-4.379188772536756,-0.04813241101673223
-0.2001111656873809,-16.41394047455966,-13.712791018259836,-0.9861420695426126,-4.337345696592006,-0.04674951476246346
-0.19727867267276572,-15.874157770380663,-13.281564618213643,-0.9518231606084164,-4.297483207977505,-0.04543207609558307
-0.19457246905388756,-15.35844179158751,-12.869564857458947,-0.9190343928782028,-4.259398026340893,-0.044173376685005344
-0.19198026354897454,-14.864450212434498,-12.474920478003902,-0.8876268433439924,-4.222917172939713,-0.042967699655246966
-0.18949150676785365,-14.390172656081994,-12.096025412146485,-0.8574726940169008,-4.187892183172819,-0.04181013831299778
-0.18709707412329785,-13.93387026762636,-11.731490508040057,-0.8284613900336004,-4.1541946441005955,-0.04069644866402013
-0.1847890180857649,-13.494028501765747,-11.38010581228453,-0.8004966379376888,-4.12171270785466,-0.03962293418278999
-0.1825603722944649,-13.069319792625834,-11.040810747265297,-0.7734940322600914,-4.090348334836595,-0.03858635470136179
-0.18040499498505422,-12.658573716078912,-10.712670274161717,-0.7473791584655847,-4.060015090230867,-0.03758385358503688
-0.17831744260187782,-12.260752904273893,-10.394855651332964,-0.722086061619827,-4.03063636531357,-0.03661289894735757
-0.17629286685005222,-11.87493342705124,-10.086628761248587,-0.6975559990569988,-4.002143928636791,-0.03567123576735294
-0.17432693014142273,-11.500288678642939,-9.787329237752278,-0.6737364159103785,-3.9744767360752515,-0.03475684656207545
-0.17241573561446094,-11.136076041699972,-9.49636381210173,-0.6505800972229534,-3.9475799459762078,-0.0338679188377147
-0.17055576880466877,-10.78162577153428,-9.213197432713134,-0.6280444612173142,-3.9214040982702727,-0.03300281795955165
-0.1687438487055381,-10.436331669900675,-8.937345814549268,-0.6060909663429226,-3.895904425738231,-0.03216006438961326
-0.1669770864566438,-10.099643212266791,-8.668369149682995,-0.5846846107348695,-3.8710402726166926,-0.031338314471831344
-0.16525285027090916,-9.77105886407006,-8.40586676772929,-0.5637935072673779,-3.8467746010094155,-0.030536344119141967
-0.16356873549972922,-9.450120376086254,-8.149472578478587,-0.5433885208583611,-3.82307356960518,-0.029753034890286453
-0.16192253895546302,-9.136407891116598,-7.89885116268356,-0.5234429573568975,-3.799906172310836,-0.02898736204678405
-0.16031223678235595,-8.829535726892342,-7.653694403068439,-0.5039322954240182,-3.777243926822436,-0.02823838426033716
-0.15873596530127576,-8.529148725693226,-7.41371856807983,-0.4848339544446636,-3.7550606050476922,-0.027505234703405962
-0.15719200435960243,-8.234919081368261,-7.178661777028864,-0.4661270927924588,-3.733331998784192,-0.02678711330497073
-0.1556787628017758,-7.946543570486142,-6.948281788088096,-0.4477924317886972,-3.7120357152422363,-0.02608327999264677
-0.15419476574329832,-7.66374112716662,-6.7223540608512025,-0.42981210151225246,-3.6911509979482204,-0.025393048773615645
-0.15273864338512771,-7.3862507114610025,-6.500670053405916,-0.41216950527309026,-3.670658569326368,-0.024715782532016964
-0.15130912114920955,-7.113829429499695,-6.283035720540763,-0.3948492000929027,-3.650540491873243,-0.02405088844082366
-0.14990501095154776,-6.846250870418185,-6.069270185133753,-0.37783679096832934,-3.6307800453411616,-0.023397813902805098
-0.14852520345838227,-6.583303630631789,-5.859204559211868,-0.36111883704564307,-3.6113616177571535,-0.02275604294874875
-0.14716866119501654,-6.3247900005983055,-5.652680894820346,-0.3446827681262774,-3.5922706084415124,-0.022125093032263884
-0.14583441239665149,-6.070524792983342,-5.449551247857002,-0.32851681016261014,-3.5734933414688115,-0.021504512169703976
-0.1445215455070164,-5.820334294275064,-5.24967684052891,-0.3126099186025515,-3.555016988245556,-0.02089387638139041
-0.14322920424429103,-5.574055324506531,-5.052927310175022,-0.29695171860751945,-3.5368294980714836,-0.02029278739669234
-0.14195658316527446,-5.33153439192796,-4.859180033943247,-0.28153245130724636,-3.5189195357128424,-0.019700870590849406
-0.14070292366839518,-5.092626931308111,-4.6683195202778975,-0.26634292537165116,-3.5012764251515973,-0.019117773125906512
-0.13946751038427418,-4.857196616090874,-4.480236859409231,-0.2513744732783618,-3.4838900987887875,-0.018543162271905944
-0.13824966790943594,-4.625114735944898,-4.294829226084779,-0.2366189117378692,-3.4667510514771065,-0.017976723887683066
-0.1370487578445983,-4.396259632356266,-4.111999428670604,-0.2220685058090055,-3.4498502988398982,-0.017418161043326733
-0.13586417610395135,-4.170516185862951,-3.9316554995085973,-0.20771593629776275,-3.4331793394038694,-0.016867192768680955
-0.1346953504660914,-3.9477753493410717,-3.753710322064091,-0.1935542700840447,-3.416730120132676,-0.016323552914244463
-0.13354173834092264,-3.727933722447645,-3.5780812909528734,-0.17957693306511135,-3.4004950049998897,-0.01578698911252019
-0.1324028247299792,-3.510893162923143,-3.404690001415137,-0.1657776854425379,-3.384466746284024,-0.015257261829327892
-0.13127812036032663,-3.2965604309727077,-3.2334619652155894,-0.15215059911228535,-3.3686384583063935,-0.014734143495851296
-0.13016715997454287,-3.084846863391121,-3.064326350305503,-0.13869003694585325,-3.353003593365523,-0.014217417713280306
-0.12906950076130708,-2.8756680744831833,-2.897215741891344,-0.1253906337750612,-3.3375559196503746,-0.01370687852285242
-0.12798472091289315,-2.668943681168024,-2.732065922823658,-0.11224727891442221,-3.3222895009395357,-0.01320232973491929
-0.1269124182973973,-2.4645970499481074,-2.568815671453411,-0.09925510007365568,-3.3071986779151015,-0.012703584311378281
-0.12585220923487822,-2.262555063680626,-2.407406575308279,-0.08640944852921795,-3.2922780509389398,-0.012210463796435242
-0.1248037273677594,-2.0627479063122536,-2.2477828591195994,-0.07370588543792644,-3.2775224641555374,-0.011722797791210188
-0.12376662261687942,-1.8651088639356779,-2.0898912258886746,-0.06114016918831133,-3.2629269908001985,-0.011240423468179335
-0.12274056021547977,-1.6695741406985434,-1.9336807098184572,-0.04870824369626514,-3.2484869196040767,-0.010763185121867053
-0.12172521981422338,-1.476082688248546,-1.7791025400591494,-0.03640622756131551,-3.2341977421988415,-0.01029093375257542
-0.12072029465103934,-1.2845760475323686,-1.6261100143231033,-0.024230404008338313,-3.220055141433666,-0.009823526680265454
-0.1197254907802173,-1.0949982018856765,-1.47465838152009,-0.012177211547150568,-3.2060549805260523,-0.009360827185996345
-0.11874052635572516,-0.9072954404563731,-1.324704732647625,-0.00024323528907999048,-3.192193292975751,-0.008902704178584867
-0.11776513096421946,-0.7214162310976882,-1.1762078992466805,0.011574801134380142,-3.1784662731780284,-0.008449031884377602
-0.11679904500364995,-0.5373111019500278,-1.0291283587987579,0.023280043100491143,-3.164870267678589,-0.007999689558229814
-0.11584201910375562,-0.3549325310060567,-0.8834281465006306,0.0348755120166262,-3.1514017670180485,-0.007554561213968719
-0.1148938135850904,-0.1742348430182581,-0.7390707729049595,0.0463641118747955,-3.138057398118648,-0.0071135353727775005
-0.11395419795353416,0.004825886831127946,-0.596021146963281,0.05774863537622643,-3.1248339171703616,-0.006676504828084143
-0.11302295042751737,0.18229192302597497,-0.4542455040493998,0.06903176965958058,-3.111728202977393,-0.006243366425665912
-0.1120998574954412,0.3582039540578599,-0.31371133857984645,0.08021610166331739,-3.098737250729621,-0.005814020857798259
-0.11118471350099828,0.5326011714507075,-0.17438734088196384,0.09130412315001113,-3.085858166166701,-0.005388372470380695
-0.11027732025429823,0.7055213438678152,-0.036243337990629954,0.10229823541801042,-3.0730881601053195,-0.004966329082064992
-0.109377486666888,0.8770008866653356,0.10074976191725327,0.11320075372358795,-3.060424543302734,-0.0045478018144971405
-0.10848502840891713,1.0470749272256192,0.23662002171683838,0.12401391143477625,-3.0478647216319597,-0.004132704932859374
-0.10759976758684825,1.2157773663753204,0.3713945244015555,0.13473986393627646,-3.0354061915460946,-0.0037209556959680312
-0.10672153244024528,1.3831409361678446,0.5050994192448997,0.1453806923032166,-3.023046535811137,-0.0033124742152448455
-0.10585015705629446,1.549197254286561,0.6377599652625321,0.15593840676005932,-3.0107834194883543,-0.0029071833219359647
-0.1049854811008215,1.7139768753043256,0.7694005721629402,0.1664149499396359,-2.9986145861488103,-0.0025050084420037075
-0.10412734956466899,1.8775093390158375,0.9000448389596301,0.17681219995607766,-2.986537854304064,-0.0021058774781625295
-0.1032756125243883,2.0398232160421443,1.0297155904040558,0.18713197330430797,-2.974551114038316,-0.0017097206985729196
-0.10243012491628249,2.2009461508908252,1.1584349113859176,0.19737602759777184,-2.962652323828449,-0.001316470631745087
-0.10159074632291148,2.3609049026412947,1.2862241794362,0.20754606415517052,-2.950839507539455,-0.0009260619672390377
-0.10075734077124066,2.5197253834112274,1.4131040954575802,0.21764373044612517,-2.939110751583722,-0.0005384314617802033
-0.09992977654167409,2.6774326947487417,1.5390947127977146,0.22767062240495717,-2.927464202233503,-0.00015351785043765664
-0.09910792598727255,2.83405116208365,1.664215464771992,0.23762828662107038,-2.9158980630767206,0.00022873823746050181
-0.09829166536250813,2.9896043673613804,1.7884851907343826,0.24751822241378618,-2.9044105926069808,0.0006083943579761816
-0.09748087466095473,3.144115179973973,1.9119221607878814,0.25734188379890854,-2.8930001019393425,0.0009855063280541157
-0.0966754374613575,3.2976057860943264,2.0345440992193105,0.26710068135377085,-2.8816649526440132,0.001360128297117437
-0.09587524078156522,3.4500977165120297,2.1563682067370546,0.27679598398701244,-2.870403554690693,0.0017323128150061318
-0.09508017493984545,3.601611873062261,2.27741118158481,0.28642912061890535,-2.8592143644968244,0.0021021108964816154
-0.09429013342313694,3.752168553732673,2.3976892395992007,0.2960013817776277,-2.848095883073471,0.0024695720825047007
-0.09350501276182437,3.9017874765273284,2.517218133274408,0.3055140211165115,-2.8370466542629864,0.0028347444984798964
-0.09272471241064995,4.050487802161129,2.6360131698925073,0.3149682568569354,-2.8260652630630485,0.003197674909645329
-0.09194913463540227,4.198288155653334,2.754089228774271,0.3243652731612201,-2.8151503340319977,0.0035584087737756745
-0.091178184405047,4.34520664688397,2.871460777701479,0.33370622143958806,-2.804300529770765,0.003916990291353867
-0.09041176928898753,4.4912608901727005,2.988141888558239,0.34299222159497056,-2.7935145494769875,0.004273462453356906
-0.08964979935916315,4.6364680229357695,3.1041462522358163,0.3522243632091986,-2.7827911275672097,0.004627867086791505
-0.0888921870967128,4.7808447234728995,3.2194871928424043,0.3614037066738798,-2.772129032363336,0.00498024489810639
-0.08813884730294948,4.924407227932761,3.334177681256632,0.37053128426904713,-2.7615270648397474,0.005330635514599523
-0.08738969701440676,5.067171346502352,3.448230348061081,0.3796081011924657,-2.750984057427727,0.005679077523931306
-0.08664465542173501,5.209152478862819,3.561657495889783,0.3886351365423,-2.7404988728740616,0.006025608511847351
-0.0859036437922379,5.350365628951515,3.674471111221438,0.3976133442556722,-2.7300704031508785,0.006370265098207956
-0.08516658539585407,5.490825419067519,3.7866828756481876,0.4065436540054803,-2.719697568413962,0.006713082971415249
-0.08443340543439977,5.630546103355744,3.8983041766478994,0.4154269720577035,-2.7093793160069666,0.0070540969213236035
-0.08370403097390113,5.769541580702242,4.009346117886084,0.42426418209127603,-2.6991146195091056,0.007393340870713007
-0.08297839087985345,5.907825407071698,4.119819529072188,0.43305614598249376,-2.688902477824043,0.007730847905400955
-0.0822564157552568,6.045410807315905,4.229734975393248,0.4418037045557859,-2.678741914307844,0.008066650303063222
-0.08153803788128411,6.182310686480486,4.339102766546713,0.45050767830258764,-2.6686319759339847,0.008400779560829998
-0.08082319116044835,6.318537640635441,4.447932965392836,0.4591688680699362,-2.6585717324935256,0.008733266421719788
-0.0801118110621423,6.454103967253525,4.556235396245857,0.46778805572031823,-2.648560275828676,0.009064140899969785
-0.07940383457043175,6.589021675159184,4.664019652822088,0.476366004764216,-2.6385967190980764,0.009393432305318049
-0.07869920013399087,6.723302494069296,4.77129510586191,0.4849034609666979,-2.6286801960722195,0.009721169266289444
-0.07799784761807331,6.856957883745926,4.878070910441805,0.49340115292934306,-2.61880986045753,0.0100473797525346
-0.0772997182584203,6.989999042779974,4.984356012991517,0.5018597926486982,-2.608984885247698,0.010372091096268049
-0.07660475461701169,7.122436917023624,5.090159158030637,0.5102800760524048,-2.59920446210095,0.010695330012849127
-0.075912900539571,7.25428220768851,5.195488894638146,0.518662683514074,-2.5894678007420087,0.011017122620547062
-0.07522410111474144,7.385545379125475,5.300353582667569,0.527008280347916,-2.5797741283875597,0.011337494459528884
-0.07453830263485335,7.516236666301035,5.404761398719842,0.5353175172840879,-2.570122689194127,0.011656470510107104
-0.07385545255820873,7.646366081984743,5.508720341885224,0.5435910309256596,-2.560512743727287,0.011974075210281827
-0.07317549947281203,7.77594342366096,5.61223823926502,0.5518294441880575,-2.5509435684512436,0.012290332472610126
-0.0724983930614804,7.904978280177692,5.715322751283276,0.560033366721793,-2.541414455237815,0.01260526570043384
-0.07182408406827033,8.03348003814464,5.817981376798107,0.5682033953192439,-2.5319247108939464,0.012918897803495116
-0.0711525242661607,8.161457888091746,5.9202214580216825,0.5763401143062096,-2.5224736567069024,0.013231251212967497
-0.07048366642593527,8.288920830399213,6.022050185257665,0.5844440959189366,-2.5130606280063432,0.013542347895929237
-0.0698174642862115,8.41587768100906,6.1234746014641015,0.592515900667254,-2.503684973742531,0.013852209369303349
-0.06915387252456393,8.542337076928062,6.22450160664966,0.6005560776844459,-2.494346056079941,0.014160856713288601
-0.06849284672969438,8.668307481531238,6.325137962110537,0.6085651650644421,-2.485043250005604,0.014468310584303631
-0.06783434337460305,8.79379718967459,6.425390294514948,0.6165436901868817,-2.4757759429515365,0.01477459122746548
-0.06717831979071645,8.918814332625466,6.5252650998419615,0.6244921700305814,-2.4665435344306363,0.015079718488623106
-0.06652473414293154,9.043366882818374,6.624768747180852,0.6324111114759056,-2.4573454356854687,0.015383711825964798
-0.06587354540553628,9.167462658443746,6.723907482397022,0.6403010115965166,-2.448181069349393,0.015686590321217886
-0.06522471333896959,9.29110932787675,6.822687431670117,0.6481623579409536,-2.439049869119495,0.015988372690458077
-0.06457819846738494,9.41431441395295,6.921114604909818,0.6559956288044764,-2.4299512794408367,0.01628907729454499
-0.06393396205698397,9.53708529809723,7.019194899054385,0.6638012934915781,-2.420884755201537,0.016588722149199563
-0.06329196609508811,9.659429224312074,7.1169341012568506,0.6715798125695567,-2.41184976143824,0.016887324934738143
-0.06265217326991747,9.78135330303106,7.214337891963531,0.6793316381135169,-2.4028457730515402,0.01718490300547769
-0.06201454695104788,9.902864514843136,7.311411847889312,0.6870572139431559,-2.3938722745309446,0.017481473398825515
-0.06137905117051862,10.02396971409286,7.408161444893846,0.694756975851664,-2.384928759689002,0.017777052844066377
-0.06074565060456408,10.144675632361787,7.50459206076278,0.7024313518270678,-2.3760147314042004,0.018071657770859388
-0.06011431055594442,10.264988881835666,7.600708977897783,0.7100807622663139,-2.3671297013723085,0.018365304317456317
-0.05948499693685115,10.384915958562098,7.696517385919046,0.7177056201823873,-2.3582731898657956,0.018658008338652478
-0.05885767625236473,10.504463245602981,7.792022384183744,0.7253063314047418,-2.349444725501029,0.018949785413480868
-0.058232315584442376,10.623637016085931,7.8872289842237695,0.7328832947733067,-2.340643845012927,0.019240650852659708
-0.0576088825764151,10.742443436158648,7.982142112105956,0.7404369023263219,-2.331870093036784,0.019530619705803113
-0.05698734541797438,10.860888567849976,8.076766610717735,0.7479675394822423,-2.3231230218969814,0.019819706768404048
-0.05636767283062904,10.978978371841356,8.17110724198123,0.7554755852159442,-2.3144021914023196,0.020107926588598543
-0.05574983405361464,11.096718710152054,8.265168688998447,0.7629614122294498,-2.305707168647716,0.020395293473719506
-0.05513379883023756,11.214115348741528,8.358955558130281,0.7704253871173833,-2.297037527822022,0.02068182149664828
-0.054519537394637586,11.331173960032073,8.452472381011825,0.7778678705273584,-2.2883928500217285,0.020967524501971594
-0.053907020458952876,11.447900125354758,8.545723616506407,0.7852892173154888,-2.2797727230703337,0.021252416111951344
-0.05329621920087224,11.564299337321566,8.638713652600664,0.792689776697207,-2.271176741343166,0.021536509732314225
-0.05268710525156025,11.680377002126486,8.731446808242854,0.8000698923935652,-2.262604505597447,0.021819818557867975
-0.05207965068394118,11.79613844177821,8.823927335126546,0.8074299027731892,-2.254055622807411,0.022102355577950684
-0.05147382800132856,11.911588896266986,8.916159419421678,0.814770140990044,-2.245529706004282,0.022384133581719385
-0.050869610126387625,12.026733525668028,9.00814718345496,0.8220909351171668,-2.2370263741209433,0.022665165163283808
-0.05026697039041832,12.141577412183816,9.09989468734144,0.8293926082765155,-2.228545251841111,0.022945462726691006
-0.04966588252294737,12.256125562127528,9.191405930569044,0.8366754787650728,-2.220085969452861,0.02322503849076627
-0.049066320641618005,12.370382907849729,9.282684853537793,0.8439398601773437,-2.2116481627063447,0.023503904493815588
-0.0484682592423668,12.48435430961036,9.373735339055308,0.8511860615243744,-2.2032314726755438,0.023782072598194533
-0.04787167318987708,12.598044557398005,9.464561213790205,0.8584143873494205,-2.1948355456239206,0.02405955449474857
-0.04727653770829932,12.711458372698289,9.555166249684847,0.8656251378403802,-2.1864600328738204,0.02433636170712912
-0.04668282837222872,12.824600410213266,9.645554165328946,0.8728186089391101,-2.1781045906794985,0.02461250559599006
-0.04609052109793107,12.93747525953349,9.735728627295359,0.8799950924477357,-2.1697688801036388,0.024887997363068702
-0.04549959213480818,13.050087446764426,9.825693251439413,0.887154876132056,-2.161452566897244,0.025162848055155364
-0.04491001805709434,13.162441436108844,9.915451604163056,0.8942982438221516,-2.1531553213827777,0.02543706856795549
-0.044321775755775825,13.274541631406702,10.005007203645068,0.9014254755102885,-2.144876818340445,0.025710669649848004
-0.04373484243072569,13.386392377634007,10.094363521038456,0.9085368474462144,-2.136616736897504,0.025983661905543565
-0.04314919558304643,13.497997962362044,10.18352398163625,0.9156326322299356,-2.1283747604205017,0.026256055799646096
-0.042564813007613334,13.609362617178402,10.272491966006715,0.9227130989020641,-2.1201505764103317,0.026527861660121024
-0.041981672785811656,13.720490519071008,10.361270811099061,0.9297785130318135,-2.1119438764000282,0.026799089681673303
-0.041399753278460925,13.831385791776547,10.449863811320672,0.9368291368027304,-2.103754355855182,0.02706974992903846
-0.040819033118920114,13.942052507094392,10.53827421958678,0.9438652290962326,-2.09558171407691,0.02733985234018949
-0.04023949120636753,14.052494686167233,10.626505248343577,0.9508870455730312,-2.087425654107282,0.02760940672946247
-0.03966110669924936,14.162716300729587,10.714560070565597,0.9578948387525087,-2.0792858826371186,0.027878422790603766
-0.03908385900889155,14.272721274325171,10.802441820728287,0.9648888580901189,-2.0711621099160897,0.028146910099741258
-0.038507727793269074,14.382513483494265,10.890153595756571,0.971869350052879,-2.0630540496650287,0.028414878118282326
-0.037932692950927716,14.492096758932044,10.977698455950227,0.9788365581930141,-2.0549614189903904,0.02868233619574095
-0.03735873461505307,14.601474886618824,11.065079425886829,0.9857907232198185,-2.046883938300783,0.02894929357249632
-0.036785833147682016,14.710651608923177,11.152299495303016,0.9927320830697899,-2.038821331225506,0.02921575938248514
-0.03621396913405175,14.819630625678824,11.239361619954803,0.9996608729750978,-2.0307733245350192,0.02948174265583005
-0.035643123377081955,14.928415595236153,11.326268722457637,1.006577325530438,-2.0227396480632924,0.029747252321405966
-0.035073276891985736,15.03701013548921,11.413023693106842,1.0134816707583274,-2.0147200346319605,0.03001229720934671
-0.034504410901005055,15.145417824878951,11.499629390679104,1.0203741361728906,-2.0067142199762356,0.0302768860534936
-0.0339365068282664,15.253642203373591,11.586088643215666,1.027254946842189,-1.9987219426725087,0.03054102749378817
-0.033369546294753145,15.361686773426706,11.672404248787743,1.034124325449136,-1.9907429440675946,0.030804730078610593
-0.032803511113390305,15.469555000913928,11.758578976244838,1.040982492351052,-1.9827769682095573,0.031068002267065877
-0.032238383284238406,15.57725031604884,11.844615565946436,1.0478296656378954,-1.9748237617800737,0.03133085243121925
-0.03167414498979266,15.684776114278797,11.930516730477674,1.0546660611892187,-1.9668830740282752,0.03159328885828258
-0.03111077859038407,15.79213575716133,12.016285155349484,1.0614918927298893,-1.9589546567060285,0.03185531975275343
-0.030548266619679253,15.899332573221738,12.101923499683718,1.068307371884614,-1.951038264004602,0.03211695323850813
-0.029986591780275577,16.006369858792524,12.187434396883749,1.0751127082313103,-1.9431336524926746,0.03237819736085056
-0.029425736939388644,16.1132508788352,12.272820455291033,1.0819081093533556,-1.9352405810556454,0.032639060088518
-0.028865685124629028,16.21997886774513,12.35808425882805,1.0886937808907584,-1.9273588108361983,0.0328995493156454
-0.02830641951986544,16.326557030139856,12.443228367628127,1.0954699265902799,-1.9194881051760824,0.03315967286368948
-0.027747923461171352,16.432988541631566,12.528255318652526,1.102236748354546,-1.911628229559068,0.033419438483314086
-0.027190180432852568,16.539276549584095,12.613167626295215,1.1089944462901773,-1.9037789515550425,0.03367885385623777
-0.026633174063552895,16.64542417385506,12.697967782975752,1.1157432187549734,-1.8959400407652027,0.03393792659704512
-0.026076888122435426,16.75143450752359,12.782658259720664,1.1224832624041818,-1.888111268768314,0.03419666425496293
-0.02552130651543696,16.857310617604124,12.867241506733675,1.1292147722358785,-1.8802924090679973,0.0344550743156023
-0.024966413281593183,16.9630555457467,12.951719953955177,1.1359379416354942,-1.872483237041013,0.03471316420266789
-0.024412192589432165,17.06867230892423,13.036096011611289,1.14265296241951,-1.8646835298865043,0.034970941279635306
-0.023858628733434008,17.174163900107214,13.12037207075285,1.149360024878354,-1.8568930665761743,0.03522841285139784
-0.023305706130554407,17.279533288926196,13.20455050378469,1.1560593178185208,-1.8491116278053594,0.035485586165883376
-0.022753409316809976,17.38478342232252,13.288633664985477,1.162751028603946,-1.8413389959449755,0.03574246841564264
-0.022201722943923276,17.48991722518768,13.372623891018495,1.1694353431966538,-1.833574954994301,0.03599906673940961
-0.021650631776025494,17.594937600991656,13.456523501433631,1.1761124461967094,-1.8258192905345734,0.036255388223635214
-0.021100120686414925,17.69984743240068,13.540334799160881,1.1827825208814926,-1.8180717896833705,0.03651143990399494
-0.020550174654369167,17.804649581884707,13.624060070995665,1.1894457492443222,-1.8103322410497464,0.03676722876687161
-0.020000778762009366,17.909346892315,13.707701588076215,1.1961023120324494,-1.8026004346901032,0.0370227617508138
-0.019451918191214498,18.013942187552164,13.791261606353375,1.202752388784444,-1.794876162064763,0.03727804574797114
-0.018903578220584225,18.118438273024932,13.874742367052956,1.2093961578669943,-1.7871592159952263,0.037533087605506846
-0.018355744222448272,18.222837936300074,13.95814609713106,1.2160337965111405,-1.779449390622083,0.037787894126988776
-0.01780840165992091,18.32714394764373,14.041475009722499,1.2226654808479642,-1.7717464813635608,0.03804247207375942
-0.017261536083998816,18.43135906057446,14.124731304582632,1.2292913859437502,-1.764050284874681,0.038296828166285726
-0.016715133130700725,18.535486012408338,14.20791716852283,1.2359116858346435,-1.756360599007006,0.03855096908548949
-0.016169178518247392,18.639527524796357,14.291034775839806,1.242526553560817,-1.7486772227689493,0.03880490147405901
-0.015623658044280259,18.743486304254454,14.374086288739052,1.249136161200171,-1.7409999562866358,0.03905863193774273
-0.015078557583117418,18.84736504268646,14.4570738577526,1.2557406799015798,-1.7333286007652824,0.03931216704662553
-0.014533863083045453,18.951166417900165,14.539999622151317,1.2623402799177044,-1.7256629584510859,0.03956551333638836
-0.013989560563645663,19.054893094116867,14.622865710351974,1.2689351306373884,-1.718002832593594,0.039818677309551805
-0.013445636113153376,19.158547722474598,14.70567424031926,1.2755254006176528,-1.710348027408543,0.040071665436704366
-0.01290207588584897,19.26213294152531,14.788427319962992,1.2821112576153073,-1.7026983480411388,0.0403244841577159
-0.012358866099479265,19.365651377726277,14.871127047530685,1.2886928686181922,-1.6950536005297705,0.040577139882936986
-0.01181599303270807,19.46910564592595,14.953775511995683,1.2952703998760686,-1.6874135917701278,0.04082963899438474
-0.01127344302259449,19.572498349844494,15.036374793441073,1.3018440169311718,-1.6797781294797156,0.041081987846915656
-0.010731202462097914,19.675832082549263,15.118926963439534,1.3084138846484406,-1.6721470221627388,0.04133419276938609
-0.010189257797608254,19.77910942692547,15.201434085429335,1.3149801672454413,-1.6645200790753456,0.04158626006580101
-0.009647595526500546,19.882332956142175,15.283898215086634,1.3215430283219973,-1.6568971101912124,0.04183819601645135
-0.009106202194712382,19.985505234113987,15.366321400694293,1.328102630889541,-1.6492779261674508,0.042090006879040825
-0.008565064394343281,20.08862881595851,15.448705683507354,1.334659137400199,-1.6416623383108218,0.042341698889802486
-0.00802416876127475,20.191706248449904,15.531053098115379,1.34121270977563,-1.6340501585442435,0.042593278264605655
-0.00748350197280995,20.294740070468684,15.613365672801775,1.3477635094356208,-1.6264411993735728,0.042844751200053766
-0.006943050745331838,20.39773281344801,15.695645429900344,1.354311697326462,-1.6188352738546474,0.04309612387457362
-0.006402801831978733,20.500687001816633,15.777894386149148,1.3608574339491109,-1.6112321955605742,0.04334740244949649
-0.005862742020336197,20.603605153438767,15.860114553041907,1.3674008793871562,-1.6036317785492455,0.04359859307013167
-0.00532285813014422,20.706489780051022,15.942307937177064,1.3739421933345994,-1.596033837331073,0.04384970186683292
-0.004783137011018605,20.809343387696625,16.02447654060469,1.3804815351234618,-1.5884381868369186,0.044100734956058256
-0.004243565540185583,20.912168477157138,16.10662236117137,1.3870190637512332,-1.580844642386214,0.04435169844142364
-0.003704130620228587,21.014967544381854,16.188747392863235,1.3935549379081706,-1.5732530196552497,0.044602598414751
-0.003164819176846201,21.117743080915055,16.270853626147307,1.4000893160044654,-1.5656631346456227,0.044853440957110996
-0.0026256181566202885,21.22049757432134,16.352943048311282,1.406622356197284,-1.5580748036528265,0.04510423213986118
-0.002086514524793215,21.3232335086092,16.435017643801928,1.4131542164176987,-1.5504878432349691,0.04535497802567976
-0.0015474952630534148,21.425953364653047,16.517079394562213,1.4196850543975195,-1.5429020701816085,0.04560568466959563
-0.0010085473673280012,21.528659620613848,16.599130280367387,1.4262150276960377,-1.5353173014826882,0.04585635812001504
-0.00046965784558169804,21.63135475235858,16.681172279160045,1.432744293726696,-1.52773335429756,0.04610700441974536
6.918628437898363e-05,21.734041233878703,16.76320736738445,1.4392730097836919,-1.5201500459240822,0.04635762960701635
0.0006079979970972647,21.836721537707767,16.845237520320165,1.445801333068531,-1.5125671937677776,0.04660823971649954
0.0011467902616542746,21.93939813533843,16.927264712415187,1.45232942071654,-1.5049846153110384,0.046858840780325955
0.001685576043854841,22.042073497638988,17.009290917618728,1.458857429823349,-1.4974021280823653,0.047109438829102734
0.0022243683084118508,22.14475009526965,17.09131810971375,1.465385517471358,-1.4898195496256261,0.04736003989292915
0.002763180021130132,22.247430399098715,17.173348262649466,1.4719138407561971,-1.4822366974693215,0.04761065000241234
0.0033020241510908137,22.350116880618838,17.25538335087387,1.478442556813193,-1.4746533890958438,0.04786127518968333
0.003840913672837117,22.45281201236357,17.33742534966653,1.4849718228438513,-1.4670694419107155,0.04811192148941365
0.004379861568562531,22.55551826832437,17.419476235471702,1.4915017961423696,-1.4594846732117952,0.04836259493983306
0.004918880830302331,22.658238124368218,17.501537986231988,1.4980326341221903,-1.4518989001584346,0.04861330158374893
0.005457984462129404,22.76097405865608,17.583612581722633,1.504564494342605,-1.4443119397405773,0.04886404746956751
0.005997185482355331,22.863728552062366,17.665702003886608,1.5110975345354236,-1.4367236087477808,0.0491148386523177
0.006536496925737718,22.966504088595567,17.74780823717068,1.5176319126317186,-1.429133723738154,0.0493656811946777
0.0070759318456947145,23.069303155820283,17.829933268862547,1.524167786788656,-1.4215421010071896,0.049616581168005054
0.007615503316527736,23.172128245280796,17.912079089429227,1.5307053154164272,-1.4139485565564849,0.04986754465337044
0.00815522443565335,23.2749818529264,17.994247692856852,1.5372446572052898,-1.4063529060623305,0.050118577742595774
0.008695108325845326,23.377866479538653,18.076441076992012,1.543785971152733,-1.398754964844158,0.05036968653929702
0.009235168137487863,23.480784631160788,18.15866124388477,1.5503294165907784,-1.3911545478328295,0.05062087715993221
0.009775417050840968,23.58373881952941,18.240910200133573,1.556875153213427,-1.383551469538756,0.050872155734855075
0.010315868278319082,23.686731562508736,18.32318995723214,1.5634233411042684,-1.3759455440198307,0.05112352840937493
0.01085653506678385,23.78976538452751,18.405502531918536,1.569974140764259,-1.3683365848491604,0.05137500134482303
0.011397430699852381,23.892842817018906,18.48784994652656,1.5765277131396898,-1.3607244050825822,0.0516265807196262
0.011938568500221482,23.995966398863427,18.570234229339622,1.583084219650348,-1.353108817225953,0.05187827273038785
0.012479961832009646,24.09913867683524,18.652657414947278,1.5896438222178915,-1.3454896332021915,0.052130083592977335
0.013021624103117354,24.202362206051948,18.735121544604578,1.5962066832944477,-1.3378666643180583,0.05238201954362767
0.013563568767607014,24.30563955042815,18.81762866659438,1.6027729658914485,-1.3302397212306651,0.052634086840042595
0.014105809328103604,24.408973283132923,18.900180836592842,1.6093428336087172,-1.3226086139136881,0.052886291762513034
0.014648359338217187,24.512365987051467,18.98278011803823,1.6159164506638204,-1.3149731516232759,0.05313864061504395
0.015191232404988382,24.61582025525114,19.06542858250323,1.6224939819216968,-1.3073331428636332,0.053391139726491704
0.015734442191358083,24.71933869145211,19.148128310070923,1.6290755929245817,-1.2996883953522649,0.05364379545171279
0.016278002418662493,24.82292391050282,19.230881389714654,1.6356614499222362,-1.2920387159848608,0.05389661417272432
0.01682192686915478,24.92657853886055,19.31368991968194,1.6422517199025006,-1.2843839107998096,0.054149602299876885
0.017366229388554567,25.030305215077252,19.396556007882598,1.6488465706221846,-1.2767237849423179,0.05440276627304033
0.017910923888626532,25.13410659029096,19.479481772281314,1.6554461706383092,-1.2690581426281213,0.05465611256280316
0.018456024349789373,25.237985328722964,19.56246934129486,1.662050689339718,-1.2613867871067679,0.05490964767168596
0.019001544823756506,25.34194410818106,19.64552085419411,1.668660296979072,-1.2537095206244544,0.05516337813536968
0.01954749943620984,25.44598562056908,19.728638461511085,1.6752751647052455,-1.2460261443863978,0.0554173105239392
0.02009390238950793,25.550112572402956,19.811824325451283,1.6818954645961388,-1.2383364585187226,0.055671451443142964
0.020640767965430025,25.654327685333687,19.89508062031142,1.6885213696919248,-1.230640262029843,0.05592580753566927
0.021188110527957386,25.758633696677343,19.978409532902855,1.6951530540287485,-1.2229373527713208,0.056180385482439914
0.02173594452609334,25.863033359952485,20.06181326298096,1.7017906926728947,-1.2152275273981774,0.056435192003921844
0.02228428449672361,25.967529445425253,20.145294023680542,1.708434461755445,-1.2075105813286406,0.05669023386145755
0.02283314506751848,26.072124740662417,20.2288540419577,1.7150845385074396,-1.1997863087033005,0.05694551785861489
0.023382540959878295,26.176822051092714,20.312495559038254,1.7217411012955668,-1.192054502343657,0.05720105084255709
0.023932486991924053,26.281624200576744,20.396220830873034,1.7284043296583964,-1.1843149537100333,0.057456839705433756
0.02448299808153462,26.386534031985764,20.480032128600286,1.7350744043431798,-1.17656745285883,0.05771289138579348
0.025034089249432404,26.491554407789742,20.563931739015423,1.7417515073432353,-1.1688117883991025,0.057969212870019084
0.025585775622319108,26.596688210654897,20.64792196504844,1.7484358219359433,-1.161047747448428,0.05822581119378606
0.026138072436063538,26.701938344051225,20.732005126249227,1.7551275327213682,-1.153275115588044,0.05848269344354532
0.026690995038943136,26.807307732870207,20.816183559281065,1.7618268256615353,-1.1454936768172292,0.058739866758030855
0.027244558894941293,26.91279932405319,20.90045961842263,1.7685338881203791,-1.1377032135068992,0.05899733832979339
0.027798779587102283,27.018416087230715,20.98483567607874,1.7752489089043946,-1.1299035063523908,0.059255115406760796
0.02835367282094606,27.12416101537329,21.069314123300238,1.7819720783040103,-1.1220943343254066,0.05951320529382638
0.028909254427944522,27.230037125453823,21.15389737031325,1.7887035881357072,-1.11427547462509,0.05977161535446575
0.029465540369061998,27.33604745912236,21.238587847058163,1.7954436317849154,-1.1064467026282012,0.06003035301238356
0.030022546738361668,27.442195083393322,21.3233880037387,1.8021924042497115,-1.0986077918383614,0.06028942575319092
0.030580289766680445,27.548483091345844,21.408300311381385,1.8089501021853427,-1.0907585138343359,0.0605488411261146
0.031138785825374538,27.654914602837557,21.493327262405785,1.815716923949609,-1.0828986382173216,0.0608086067457392
0.031698051430138145,27.761492765232287,21.578471371205865,1.8224930696491306,-1.0750279325572054,0.06106873029378329
0.03225810324489776,27.868220754142218,21.663735174742882,1.8292787411865334,-1.0671461623377583,0.06132921952091069
0.032818958085784694,27.975101774184893,21.749121233150166,1.8360741423085787,-1.0592530909007292,0.06159008224857813
0.03338063292518837,28.08213905975568,21.834632130350197,1.842879478655275,-1.0513484793888017,0.06185132637092056
0.03394314489589319,28.189335875816088,21.92027047468443,1.8496949578099997,-1.0434320866873752,0.06211295985667526
0.03450651129530178,28.29669551869862,22.00603889955624,1.8565207893506703,-1.0355036693651285,0.06237499075114611
0.03507074958974753,28.404221316928577,22.09194006408748,1.8633571849019936,-1.02756298161333,0.06263742717820944
0.035635877418899425,28.51191663206349,22.177976653789077,1.870204358188837,-1.0196097751838464,0.06290027734236281
0.036201912600262266,28.619784859550712,22.264151381246172,1.877062525090753,-1.0116437993258092,0.0631635495308181
0.03676887313377552,28.727829429603826,22.350466986818248,1.8839319036977,-1.003664800720895,0.06342725211564051
0.037336777206514175,28.836053808098466,22.43692623935481,1.8908127143669984,-0.9956725234171682,0.06369139355593509
0.03790564319749486,28.944461497488206,22.52353193692707,1.8977051797815616,-0.9876667087614432,0.06395598240008198
0.038475489682591076,29.053056037741264,22.610286907576278,1.904609525009451,-0.9796470953301114,0.06422102728802273
0.03904633543956087,29.16184100729859,22.697194010079112,1.9115259775647913,-0.9716134188583845,0.06448653695359864
0.03961819945319114,29.270820024054238,22.7842561347309,1.9184547674700991,-0.9635654121678978,0.06475252022694356
0.04019110092056219,29.379996746358593,22.871476204147086,1.9253961273200706,-0.9555028050926206,0.06501898603693237
0.040765059256436836,29.489374874045374,22.95885717408369,1.932350292346875,-0.9474253244030134,0.06528594341368774
0.04134009409877821,29.598958149483153,23.046402034277346,1.93931750048701,-0.9393326937283748,0.06555340149114637
0.04191622531440069,29.70875035865225,23.13411380930563,1.9462979924497703,-0.9312246334773135,0.06582136950968744
0.042493473004758496,29.818755332247832,23.221995559468322,1.9532920117873804,-0.9231008607562847,0.06608985681882493
0.043071857511876664,29.928976946810188,23.310050381690342,1.960299804966858,-0.9149610892861213,0.06635887287996622
0.043651399424429256,30.03941912588303,23.39828141044714,1.9673216214436566,-0.9068050293164932,0.0666284272692392
0.04423211958397006,30.15008584120087,23.486691818713247,1.9743577137371588,-0.8986323875382215,0.06689852968039023
0.04481403909132079,30.26098111390641,23.575284818934854,1.9814083375080758,-0.8904428669933752,0.06716918992775539
0.045397179313122475,30.37210901579902,23.664063664027204,1.9884737516378252,-0.8822361669830715,0.06744041794930768
0.04598156188855557,30.483473670615375,23.753031648397666,1.9955542183099535,-0.8740119829729022,0.0677122238097826
0.046567208736234794,30.595079255343407,23.842192108995455,2.0026500030936742,-0.8657700064958997,0.06798461770388511
0.04715414206128494,30.70693000157071,23.931548426388847,2.0097613750296004,-0.8575099250529588,0.06825760995958069
0.04774238436260345,30.81903019686857,24.021104025870855,2.016888606717737,-0.8492314220106263,0.0685312110414732
0.04833195844031728,30.931384186212988,24.110862378594497,2.0240319744078326,-0.8409341764961601,0.06880543155427332
0.04892288740344016,31.04399637344392,24.200827002738553,2.0311917580921532,-0.8326178632897653,0.06908028224635998
0.04951519467773783,31.156871222764146,24.291001464704966,2.0383682416007787,-0.8242821527139054,0.06935577401343862
0.05010890401380844,31.27001326027913,24.38138938034907,2.045561712699509,-0.8159267105195834,0.06963191790229957
0.050704039495386204,31.383427075579412,24.47199441624371,2.0527724631904682,-0.8075511977694831,0.06990872511468012
0.05130062554787592,31.497117323367057,24.562820290978607,2.0600007890155148,-0.7991552707178599,0.07018620701123415
0.051898686947127126,31.611088725127686,24.65387077649612,2.0672469903625452,-0.7907385806870593,0.0704643751156131
0.05249824882845649,31.725346070849888,24.74514969946487,2.0745113717748165,-0.7823007739405428,0.07074324111866243
0.05309933669592744,31.839894220793603,24.836660942692475,2.0817942422633733,-0.7738414915522926,0.07102281688273768
0.053701976431896746,31.95473810730939,24.928408446578956,2.089095915422722,-0.7653603692724602,0.07130311444614489
0.05430619430683768,32.06988273671043,25.020396210612237,2.096416709549845,-0.7568570373891215,0.07158414602770931
0.0549120169894503,32.185333191199206,25.112628294907367,2.1037569477667,-0.7483311205859928,0.07186592403147801
0.05551947155706937,32.30109463085093,25.20510882179106,2.111116958146324,-0.7397822377959564,0.07214846105156071
0.05612858550638136,32.41717229565585,25.29784197743325,2.118497073842682,-0.7312100020502375,0.07243176987711447
0.056739386764461996,32.53357150762266,25.390832013527508,2.1258976332244,-0.7226140203230698,0.07271586349747734
0.05735190370014671,32.65029767294534,25.484083249022092,2.1333189800125307,-0.7139938933716753,0.0730007551074571
0.05796616513574668,32.76735628423589,25.577600071903632,2.1407614634225056,-0.7053492155713814,0.07328645811278041
0.05858220035912376,32.88475292282536,25.67138694103547,2.148225438310439,-0.6966795747456875,0.07357298613570919
0.05920003913613816,33.00249326113606,25.765448388052683,2.1557112653239447,-0.6879845519910841,0.07386035302083015
0.0598197117234835,33.12058306512744,25.85978901931618,2.163219311057647,-0.6792637214964224,0.07414857284102463
0.06044124888192425,33.23902819681877,25.95441351792796,2.1707499482135675,-0.6705166503566194,0.07443765990362558
0.06106468188995151,33.35783461689149,26.049326645810147,2.1783035557665826,-0.6617428983804765,0.07472762875676899
0.06169004255787388,33.47700838737444,26.144533245850177,2.1858805191351474,-0.6529420178923744,0.07501849419594783
0.06231736324236029,33.59655567441533,26.24003824411487,2.193481230357502,-0.6441135535276076,0.07531027127077622
0.06294667686145355,33.716482751141754,26.335846652136134,2.2011060882735753,-0.6352570420210951,0.07560297529197238
0.06357801691007321,33.836796000615635,26.431963569271137,2.2087554987128213,-0.6263720119892032,0.07589662183856931
0.06421141747602777,33.95750191888456,26.528394185140073,2.216429874688225,-0.6174579837044017,0.07619122676536233
0.06484691325655703,34.078607118134286,26.625143782144605,2.2241296365967336,-0.6085144688624585,0.07648680621060319
0.06548453957542658,34.20011832994635,26.72221773807038,2.231855212426372,-0.599540970341864,0.07678337660395099
0.06612433240059722,34.32204240866534,26.819621528777063,2.239607037970332,-0.5905369819551638,0.07708095467469055
0.06676632836249308,34.444386334880186,26.917360730979524,2.247385557048311,-0.5815019881918672,0.07737955746022912
0.06741056477289403,34.567157219024466,27.015441025124094,2.255191221735412,-0.5724354639525674,0.07767920231488369
0.0680570796444787,34.69036230510066,27.113868198363797,2.263024492598935,-0.5633368742739092,0.07797990691897061
0.06870591171104537,34.814008974533664,27.21264814763689,2.2708858389433724,-0.5542056740440114,0.07828168928821079
0.06935710044844065,34.93810475015904,27.31178688285306,2.278775739063983,-0.5450413077079352,0.07858456778346389
0.07001068609622557,35.06265730035195,27.411290530191955,2.2866946805093074,-0.5358432089627675,0.07888856112080558
0.07066670968011217,35.187674443302825,27.511165335518967,2.294643160353007,-0.5266108004418671,0.07919368838196321
0.0713252130352035,35.31316415144618,27.611417667923376,2.302621685475447,-0.5173434933878,0.07949996902512506
0.07198623883007305,35.43913455604935,27.712054023384255,2.3106307728554434,-0.5080406873134631,0.0798074228961401
0.07264983059172062,35.56559395196835,27.813081028569812,2.318670949872635,-0.4987017696508729,0.08011607024012535
0.0733160327314444,35.692550802578204,27.91450544477625,2.3267427546209523,-0.4893261153870605,0.08042593171349946
0.07398489057166982,35.82001374488567,28.016334172012233,2.3348467362336796,-0.47991308668650134,0.08073702839646119
0.07465645037377945,35.94799159483278,28.118574253235806,2.342983455220645,-0.4704620324994573,0.08104938180593357
0.07533075936698952,36.07649335279972,28.22123287875064,2.351153483818096,-0.46097228815558844,0.08136301390899485
0.07600786577832115,36.205528209316455,28.324317390768897,2.3593574063518314,-0.45144317494216013,0.08167794713681856
0.07668781886371785,36.33510555099267,28.427835288148692,2.3675958196142295,-0.44187399966611673,0.08199420439914687
0.07737066894036247,36.465234966676384,28.531794231314073,2.375869333255801,-0.4322640541992766,0.08231180909932159
0.07805646742025056,36.59592625385194,28.636202047366346,2.384178570191973,-0.4226126150058438,0.0826307851498998
0.07874526684508013,36.727189425288906,28.74106673539577,2.3925241670258153,-0.4129189426513953,0.08295115698888163
0.07943712092252081,36.8590347159538,28.846396472003278,2.4009067744874844,-0.4031822812924537,0.08327294959657956
0.08013208456392942,36.991472590197446,28.952199617042396,2.4093270578911907,-0.39340185814570594,0.08359618851316064
0.08083021392358243,37.12451374923149,29.05848471959211,2.417785697610546,-0.3835768829358739,0.08392089985689409
0.08153156643949999,37.25816913890812,29.165260524172005,2.4262833895731912,-0.37370654732118425,0.08424711034313925
0.08223620087594087,37.39244995781823,29.272535977211827,2.434820845775673,-0.36379002429532736,0.08457484730411063
0.08294417736765142,37.527367665723894,29.38032023378806,2.443398794819571,-0.3538264675647276,0.0849041387094589
0.08365555746595749,37.662933992341976,29.48862266464108,2.452017982469953,-0.3438150108998781,0.0852350131877089
0.08437040418679326,37.79916094649693,29.597452863487206,2.4606791722373016,-0.3337547674594188,0.0855675000485987
0.08508878206076596,37.936060825661514,29.706820654640673,2.4693831459841036,-0.32364482908555936,0.08590162930636548
0.08581075718536262,38.07364622590572,29.816736100961734,2.4781307045573957,-0.3134842655693604,0.08623743170402776
0.08653639727941025,38.21193005227518,29.927209512147833,2.4869226684486128,-0.3032721238842979,0.08657493873871569
0.08726577173990892,38.350925529621676,30.038251453386017,2.4957598784821857,-0.2930074273864369,0.0869141826881051
0.08799895170136317,38.4906462139099,30.149872754385726,2.5046431965344085,-0.28268917497944157,0.08725519663801343
0.08873601009774701,38.6311060040259,30.262084518812475,2.5135735062842164,-0.27231634024252505,0.08759801451122073
0.08947702172724412,38.7723191541146,30.374898134144132,2.522551713997589,-0.26188787051934215,0.08794267109758133
0.09022206331991588,38.91430028647507,30.488325281972834,2.5315787493474233,-0.25140268596567683,0.08828920208549738
0.0909712136084586,39.057064405044656,30.60237794877728,2.540655566270842,-0.2408596785536563,0.08863764409482916
0.09172455340222192,39.20062690950452,30.71706843719151,2.5497831438660095,-0.23025771103006765,0.0889880347113223
0.09248216566467227,39.345003610041644,30.8324093777981,2.5589624873306906,-0.21959561582619425,0.08934041252263719
0.09324413559449665,39.49021074280472,30.948413741475676,2.5681946289449185,-0.20887219391641643,0.08969481715607178
0.09401055071055613,39.63626498609345,31.065094852332436,2.577480629100301,-0.19808621362263867,0.09005128931807482
0.0947815009409114,39.78318347732409,31.182466401259646,2.586821577378669,-0.18723640936140584,0.09040987083565302
0.09555707871615907,39.93098383081629,31.300542460141408,2.596218593682954,-0.17632148033035544,0.09077060469978336
0.09633737906733349,40.079684156450085,31.419337496759507,2.6056728294233773,-0.1653400891304173,0.0911335351109488
0.09712249972864606,40.229303079244744,31.538866390434713,2.6151854687622613,-0.15429086031993267,0.09149870752692399
0.09791254124535458,40.379859759915156,31.659144448449105,2.624757729920984,-0.14317237889657952,0.09186616871294707
0.09870760708707434,40.531373916465384,31.78018742329686,2.6343908665528764,-0.13198318870271097,0.09223596679442256
0.09950780376686662,40.683865846883094,31.902011530814605,2.644086169186118,-0.12072179074939071,0.09260815131231126
0.10031324096646385,40.837356453003444,32.024633469246034,2.6538449667409805,-0.10938664145406118,0.09298277328137458
0.10112403166801726,40.99186726561604,32.14807043929953,2.6636686281261026,-0.09797615078642319,0.0933598852514525
0.10194029229278168,41.14742047089376,32.27234016526192,2.6735585639188186,-0.08648868031668311,0.09373954137196819
0.10276214284718321,41.30403893822867,32.3974609172362,2.683516228134932,-0.07492254115990082,0.09412179745986635
0.10358970707674978,41.46174624956619,32.52345153457634,2.693543120093764,-0.06327599180968191,0.0945067110712089
0.1044231126284206,41.62056673033612,32.65033145059772,2.7036407863847183,-0.051547235853948825,0.09489434157666773
0.10526249122179161,41.78052548208659,32.778120718648,2.713810822942117,-0.039734419564954715,0.09528475024117378
0.10610797882989742,41.94164841693527,32.906840039629856,2.724054877235581,-0.027835629355087654,0.09567800030800161
0.10695971587017811,42.10396229396158,33.036510791074285,2.7343746505838116,-0.01584888908933957,0.09607415708759122
0.10781784740633062,42.26749475767309,33.16715505787097,2.744771900600253,-0.003772157244593455,0.0964732880514324
0.10868252336180358,42.432274378690856,33.29879566477138,2.7552484437798297,0.008396676094950317,0.09687546293136465
0.10955389874575441,42.598330696809576,33.431456210789015,2.7658061582366726,0.020659792417733636,0.09728075382467355
0.11043213389235737,42.7656942666021,33.56516110563236,2.776446986603613,0.03301944815269109,0.09768923530539672
0.11131739471442631,42.93439670575181,33.699935608317084,2.7871729391051137,0.04547797823855659,0.09810098454228809
0.11220985297239715,43.10447074631209,33.835805868116665,2.7979860968163015,0.05803779990933067,0.09851608142392584
0.11310968655980733,43.2759502891096,33.97279896802454,2.8088886151218784,0.07070141671191532,0.09893460869149368
0.11401707980650735,43.448870461526695,34.11094297091587,2.819882727389877,0.08347142277329644,0.09935665207980937
0.11493222380095028,43.62326767891955,34.25026696861376,2.830970748876571,0.09635050733621675,0.09978230046722693
0.11585531673302644,43.79917970995143,34.390801134083304,2.8421550808803078,0.10934145958398855,0.10021164603509458
0.11678656425904328,43.97664574614629,34.532576776997196,2.8534382151636626,0.12244717377695813,0.10064478443751283
0.11772617989059952,44.15570647599567,34.675626402938875,2.8648227386650937,0.13567065472524442,0.1010818149822062
0.11867438540926474,44.336404163983474,34.81998377653454,2.876311338523263,0.1490150236246448,0.10152284082339741
0.11963141130915907,44.51878273492744,34.96568398883267,2.887906807439398,0.1624835242851852,0.1019679691676585
0.12059749726972858,44.70288786407511,35.1127635292806,2.899612049405509,0.1760795297846247,0.10241731149380628
0.12157289266123428,44.88876707343379,35.26126036268154,2.911430085828969,0.1898065495823471,0.10287098378801356
0.12255785708572642,45.07646983486309,35.41121401155401,2.92336406208704,0.20366823713264837,0.10332910679542504
0.12355266095654846,45.266047680509786,35.56266564435702,2.935417254548227,0.2176683980402625,0.10379180628969414
0.1245575861197325,45.45755432122596,35.715658170093064,2.9475930781012045,0.23181099880543776,0.10425921336200411
0.1255729265209889,45.65104577367596,35.87023633985237,2.9598950942361544,0.24610017621067293,0.10473146473129574
0.12659898892238852,45.84658049691309,36.026446855922586,2.9723270197282003,0.26054024740679504,0.10520870307760802
0.1276360936732685,46.04421953928967,36.18433848915352,2.9848927359778155,0.27513572076213366,0.10569107740063888
0.1286845755403873,46.24402669665804,36.343962205342194,2.997596299069107,0.2898913075455358,0.10617874340586393
0.1297447846029064,46.44606868292553,36.50537130148733,3.0104419506135445,0.30481193452169775,0.10667186392080696
0.13081708721840224,46.65041531414544,36.66862155285757,3.0234341294543112,0.31990275754613196,0.10717060934434798
0.13190186706681617,46.857139707460604,36.83377137192526,3.0365774843149502,0.3351691762569706,0.10767515813228111
0.13299952628005196,47.06631849636854,37.000881980339415,3.049876887485742,0.3506168499721194,0.108185697322709
0.13411048666583583,47.27803206395014,37.17001759524952,3.0633374496521757,0.36625171491299136,0.10870242310528003
0.13523519103548828,47.492364795900556,37.341245631449056,3.0769645359824267,0.3820800028906204,0.10922554143875658
0.13637410464643182,47.709405355425076,37.5146369209868,3.0907637836050013,0.39810826160648705,0.10975526872194892
0.13752771677160058,47.9292469823185,37.69026595209802,3.1047411206239346,0.41434337673927346,0.11029183252367318
0.13869654240946044,48.15198781884037,37.868211129542516,3.1189027868376518,0.4307925960104657,0.11083547237810965
0.1398811241501074,48.37773126533368,38.04855505870452,3.1332553563488945,0.44746355544649474,0.11138644065275542
0.1410820342149451,48.606586368922336,38.23138485611871,3.147805762277759,0.4643643080837041,0.11194500349711181
0.14229987668978328,48.83866824906829,38.41679248944315,3.1625613238182506,0.481503355395384,0.11251144188133463
0.14353528997390427,49.07409856428553,38.60487515031181,3.17752977591154,0.49888968175819337,0.1130860527353352
0.14478894947078355,49.31300602490538,38.79573566397716,3.192719301847135,0.5165327923194389,0.1136691502002781
0.14606157054980015,49.55552695748395,38.989482940208944,3.208138569147409,0.5344427546780806,0.11426106700612104
0.1473539118125256,49.8018059272525,39.18623247056284,3.2237967691424414,0.5526302448521536,0.11486215599081914
0.1486667787021605,50.051996425960745,39.38610687789091,3.2397036607024985,0.5711065980754066,0.11547279177913262
0.15000102750052563,50.30626163357572,39.58923652485426,3.2558696186661664,0.5898838650481084,0.11609337264169257
0.15135756976389134,50.56477526360919,39.795760189245776,3.2723056875855314,0.6089748743637491,0.11672432255817743
0.15273737725705683,50.82772250339559,40.00582581516766,3.2890236415082175,0.6283933019477568,0.11736609351223376
0.1541414874547186,51.095301062477105,40.219591350574674,3.306036050632791,0.6481537484798381,0.11801916805025234
0.1555710096906368,51.36772234443842,40.437225683439834,3.3233563558129795,0.6682718259329643,0.11868406214144565
0.15702713204880742,51.645212760144034,40.65890969088512,3.3409989520521415,0.6887642545548165,0.11936132838304434
0.1585111291072849,51.92801520346356,40.88483741812201,3.358979282328586,0.7096489718488324,0.12005155960207546
0.1600243706651115,52.216390714345664,41.11521740706277,3.3773139433323474,0.7309452553907876,0.12075539291439939
0.16156833160678485,52.51062035867064,41.350274198113745,3.396020804984553,0.7526738616542887,0.12147351431283465
0.16314460308786505,52.81100735986976,41.59025003310235,3.4151191459639074,0.7748571834290321,0.12220666386976585
0.1647549052609721,53.117879524094015,41.83540679271748,3.4346298078967865,0.7975194289174323,0.12295564165621274
0.16640110180523832,53.43159200906367,42.0860282085125,3.45457537139825,0.8206868262117759,0.12372131449971514
0.16808521657641826,53.75253049704747,42.3424223977632,3.474980357807267,0.844387857616012,0.12450462372857066
0.1698094527621529,54.08111484524421,42.60492477971691,3.4958714612747586,0.8686535292232891,0.12530659408126005
0.1715762150110472,54.41780330287809,42.87390144458318,3.5172778168828116,0.8935176823448276,0.12612834399904194
0.17338813511017787,54.7630974045117,43.14975306274705,3.539231311757203,0.9190173548768692,0.12697109756898034
0.17524810191997003,55.11754767467739,43.43291944213564,3.5617669477628424,0.9451932025828038,0.1278361984471434
0.17715929644693182,55.481760311620356,43.7238848677862,3.5849232664502675,0.9720899926818476,0.12872512617150414
0.1791252331555613,55.856405060028656,44.0231843912825,3.608742849596888,0.9997571852433869,0.12963951537678164
0.1811498089073869,56.24222453725131,44.33141128136688,3.633272912159716,1.0282496219201664,0.13058117855678625
0.18323736129056334,56.64004534905634,44.64922590419563,3.658566009005474,1.0576283468374637,0.13155213319446557
0.185392738599974,57.05079142560325,44.97736637729921,3.6846808827999804,1.0879615914431915,0.13255463431079048
0.18762138439127404,57.47550013474318,45.316661442318455,3.7116834884775787,1.1193259644612568,0.13359121379221872
0.189929440428807,57.91534190060379,45.66804613807398,3.7396482405734903,1.1518079007071924,0.13466472827344886
0.19232387307336274,58.37164428905941,46.0325810421804,3.76865954455679,1.1855054397794154,0.13577841792242645
0.19481262985448375,58.845921845411944,46.41147610803784,3.798813693883883,1.2205304295463109,0.1369359792646757
0.1974048353593967,59.33991342456494,46.806120487492876,3.8302212434180922,1.25701128294749,0.13814165629443403
0.20011103897827487,59.855629403358094,47.218120248247565,3.8630100111483063,1.2950964645841017,0.1394003557050118
0.20294353199289009,60.39541210753709,47.64934664829376,3.8973289200825025,1.3349589531986037,0.1407177943718922
0.205916758814469,60.96201418055489,48.101998743876926,3.9333529808671104,1.3768020291433547,0.14210069062616099
0.2090478582305388,61.55870172793408,48.57868579038036,3.971289849614733,1.4208668915030989,0.14355701599723603
0.21235738760671716,62.18939232699848,49.08253749676503,4.011388602441327,1.4674428499949828,0.14509633205092315
0.21587031009335994,62.85884315693066,49.61735432058059,4.05395169660958,1.5168812182115585,0.14673024955531833
0.21961736916017383,63.57291294116912,50.187816730833745,4.099351624595814,1.5696146578416033,0.14847306779925878
0.22363704955346164,64.33893564323003,50.79978374942469,4.148054673341216,1.6261847757852614,0.15034268666549905
0.22797845498948432,65.16626886315399,51.46073105897044,4.200655790814944,1.6872826227601465,0.1523619450927958
0.2327056736902138,66.0671257691937,52.180415623778984,4.257931479498117,1.753810130741199,0.15456065155773907
0.23790466862470003,67.05788815775729,52.97192467883714,4.32092327957859,1.8269770813085826,0.1569787888383134
0.24369468894843085,68.16128110929097,53.85341303821299,4.391076031656695,1.9084617021148966,0.1596718216603352
0.2502483353195787,69.41019679670762,54.851157893089464,4.470480991117434,2.0006930518500488,0.1627200294030764
0.25782965310862715,70.8549538345176,56.005358225061556,4.562337371154756,2.107387116933178,0.16624622387192928
0.2668742295929947,72.57856124597276,57.38232901975428,4.671922812359295,2.2346740423627445,0.1704530038091012
0.2781837260881931,74.73379007428125,59.10411736478996,4.808950363109689,2.39383583833167,0.1757132349584255
0.2935163343715966,77.65569551892969,61.43839513326266,4.994722537899433,2.609616043251547,0.1828446809716932
0.3182966055286879,82.37802376702979,65.21101065891565,5.29496400886399,2.958355924256341,0.1943703889715655
